,US State Name,State_x,Month_x,Avg_temp,Density (Pop./ mi2),Population,sick death,all death
0,Alabama,AL,January,45.525,95.0,"4,858,979",93.25581395348836,1081.8837209302326
1,Alaska,AK,January,11.929999999999998,1.0,"738,432",4.813953488372093,82.25581395348838
2,Arizona,AZ,January,45.96,60.0,"6,828,065",90.23255813953487,1099.3953488372092
3,Arkansas,AR,January,40.43333333333333,57.0,"2,978,204",67.4186046511628,660.2093023255812
4,California,CA,January,49.23749999999999,251.0,"39,144,818",612.1395348837209,5480.674418604651
5,Colorado,CO,January,27.08,52.0,"5,456,574",60.32558139534883,731.6046511627907
6,Connecticut,CT,January,28.6,741.0,"3,590,886",61.16279069767442,645.7674418604653
7,Delaware,DE,January,32.4,485.0,"945,934",14.83720930232558,179.95348837209306
8,Florida,FL,January,59.2769230769231,378.0,"20,271,272",259.86046511627904,3878.139534883721
9,Georgia,GA,January,46.1,177.0,"10,214,860",124.88372093023256,1637.7906976744187
10,Hawaii,HI,January,71.225,222.0,"1,431,603",25.790697674418613,215.55813953488368
11,Idaho,ID,January,30.4,20.0,"1,654,930",22.27906976744186,258.6279069767442
12,Illinois,IL,January,23.9,231.0,"12,859,995",207.55813953488368,2236.395348837209
13,Indiana,IN,January,27.475,184.0,"6,619,680",123.27906976744184,1305.7441860465115
14,Iowa,IA,January,19.65,55.0,"3,123,899",62.0,625.7209302325581
15,Kansas,KS,January,30.46,36.0,"2,911,641",53.465116279069775,559.5348837209302
16,Kentucky,KY,January,34.225,112.0,"4,425,092",101.86046511627909,960.2558139534883
17,Louisiana,LA,January,50.825,108.0,"4,670,724",69.79069767441861,917.3023255813954
18,Maine,ME,January,16.25,43.0,"1,329,328",25.51162790697675,289.25581395348837
19,Maryland,MD,January,32.9,618.0,"6,006,401",89.32558139534883,968.0697674418603
20,Massachusetts,MA,January,26.2,871.0,"6,794,422",127.69767441860463,1203.7674418604652
21,Michigan,MI,January,21.411111111111115,175.0,"9,922,576",157.88372093023256,1945.0697674418604
22,Minnesota,MN,January,11.5,68.0,"5,489,594",80.62790697674419,871.3255813953488
23,Mississippi,MS,January,44.36666666666667,63.0,"2,992,333",59.139534883720934,654.0465116279071
24,Missouri,MO,January,31.275,88.0,"6,083,672",115.046511627907,1248.5581395348838
25,Montana,MT,January,23.133333333333336,7.0,"1,032,949",16.46511627906977,189.2093023255814
26,Nebraska,NE,January,24.2625,24.0,"1,896,190",35.30232558139535,343.4418604651163
27,Nevada,NV,January,32.82,26.0,"2,890,845",42.06976744186046,459.8372093023256
28,New Hampshire,NH,January,12.65,148.0,"1,330,608",22.90697674418605,241.4883720930233
29,New Jersey,NJ,January,33.36666666666667,1218.0,"8,958,013",121.09302325581396,1570.7906976744187
30,New Mexico,NM,January,37.46666666666667,17.0,"2,085,109",35.2093023255814,367.0697674418605
31,New York,NY,January,27.422222222222214,420.0,"19,795,791",207.906976744186,2110.558139534884
32,North Carolina,NC,January,41.11666666666667,206.0,"10,042,802",190.0,1828.2093023255813
33,North Dakota,ND,January,9.95,10.0,"756,927",13.627906976744184,127.13953488372091
34,Ohio,OH,January,27.4125,284.0,"11,614,373",218.0,2471.4418604651164
35,Oklahoma,OK,January,38.1,57.0,"3,911,338",88.55813953488372,828.7441860465117
36,Oregon,OR,January,38.1625,41.0,"4,028,977",56.534883720930225,719.1395348837209
37,Pennsylvania,PA,January,28.600000000000005,286.0,"12,802,503",234.95348837209306,2805.9767441860467
38,Rhode Island,RI,January,29.2,1021.0,"1,056,298",22.465116279069772,207.67441860465115
39,South Carolina,SC,January,46.25,162.0,"4,896,146",88.46511627906976,963.7674418604653
40,South Dakota,SD,January,17.575000000000006,11.0,"858,469",18.186046511627904,155.90697674418604
41,Tennessee,TN,January,38.38333333333333,160.0,"6,600,299",142.8372093023256,1373.046511627907
42,Texas,TX,January,47.438095238095244,105.0,"27,469,114",386.62790697674416,3939.325581395349
43,Utah,UT,January,28.7,36.0,"2,995,919",30.6046511627907,332.6511627906977
44,Vermont,VT,January,18.7,67.0,"626,042",13.046511627906975,117.72093023255816
45,Virginia,VA,January,37.5,212.0,"8,382,993",116.11627906976744,1360.4651162790694
46,Washington,WA,January,37.48571428571428,107.0,"7,170,351",107.86046511627909,1101.8837209302326
47,West Virginia,WV,January,32.1,76.0,"1,844,128",49.6046511627907,479.0
48,Wisconsin,WI,January,18.775,106.0,"5,771,337",91.48837209302326,1060.9767441860465
49,Wyoming,WY,January,25.075,6.0,"586,107",9.232558139534882,94.69767441860463
50,Alabama,AL,February,49.35,95.0,"4,858,979",79.02702702702703,1052.7567567567567
51,Alaska,AK,February,14.865,1.0,"738,432",5.270270270270269,77.0
52,Arizona,AZ,February,49.06,60.0,"6,828,065",84.86486486486487,1088.162162162162
53,Arkansas,AR,February,44.76666666666667,57.0,"2,978,204",60.405405405405396,631.1891891891893
54,California,CA,February,51.65625,251.0,"39,144,818",550.0,5264.4324324324325
55,Colorado,CO,February,31.160000000000004,52.0,"5,456,574",54.78378378378378,710.6216216216217
56,Connecticut,CT,February,31.45,741.0,"3,590,886",58.7027027027027,636.6216216216218
57,Delaware,DE,February,35.1,485.0,"945,934",13.432432432432432,171.972972972973
58,Florida,FL,February,61.95384615384614,378.0,"20,271,272",245.78378378378375,3811.45945945946
59,Georgia,GA,February,49.85,177.0,"10,214,860",112.4054054054054,1570.1891891891892
60,Hawaii,HI,February,71.05000000000003,222.0,"1,431,603",23.89189189189189,213.62162162162159
61,Idaho,ID,February,34.53333333333333,20.0,"1,654,930",19.702702702702698,255.45945945945942
62,Illinois,IL,February,28.26,231.0,"12,859,995",181.0,2140.0
63,Indiana,IN,February,31.175,184.0,"6,619,680",110.0,1255.8108108108106
64,Iowa,IA,February,24.375,55.0,"3,123,899",54.16216216216216,596.027027027027
65,Kansas,KS,February,34.419999999999995,36.0,"2,911,641",51.7027027027027,534.7837837837837
66,Kentucky,KY,February,38.25,112.0,"4,425,092",93.64864864864865,927.1891891891893
67,Louisiana,LA,February,54.27500000000001,108.0,"4,670,724",58.37837837837838,881.3783783783783
68,Maine,ME,February,19.8,43.0,"1,329,328",23.81081081081081,274.59459459459464
69,Maryland,MD,February,35.8,618.0,"6,006,401",82.32432432432431,967.3513513513514
70,Massachusetts,MA,February,28.866666666666664,871.0,"6,794,422",116.75675675675676,1176.5135135135135
71,Michigan,MI,February,23.488888888888887,175.0,"9,922,576",149.9189189189189,1915.675675675676
72,Minnesota,MN,February,16.7,68.0,"5,489,594",68.0,839.6216216216217
73,Mississippi,MS,February,48.40000000000001,63.0,"2,992,333",49.16216216216216,626.5405405405405
74,Missouri,MO,February,35.85,88.0,"6,083,672",104.18918918918921,1203.0
75,Montana,MT,February,26.95,7.0,"1,032,949",14.432432432432432,190.62162162162159
76,Nebraska,NE,February,28.2375,24.0,"1,896,190",31.135135135135137,327.97297297297297
77,Nevada,NV,February,37.28,26.0,"2,890,845",38.54054054054054,452.24324324324317
78,New Hampshire,NH,February,15.2,148.0,"1,330,608",21.83783783783784,242.1891891891892
79,New Jersey,NJ,February,35.7,1218.0,"8,958,013",110.4864864864865,1503.8108108108108
80,New Mexico,NM,February,41.533333333333346,17.0,"2,085,109",35.594594594594604,368.5135135135135
81,New York,NY,February,29.722222222222218,420.0,"19,795,791",188.5675675675676,2049.027027027027
82,North Carolina,NC,February,44.16666666666666,206.0,"10,042,802",169.54054054054058,1774.5405405405404
83,North Dakota,ND,February,15.4,10.0,"756,927",10.972972972972975,121.89189189189187
84,Ohio,OH,February,30.4,284.0,"11,614,373",187.75675675675674,2374.5945945945946
85,Oklahoma,OK,February,42.75,57.0,"3,911,338",84.16216216216216,806.8378378378377
86,Oregon,OR,February,40.52500000000001,41.0,"4,028,977",47.8918918918919,690.8648648648648
87,Pennsylvania,PA,February,31.2625,286.0,"12,802,503",215.86486486486487,2730.513513513513
88,Rhode Island,RI,February,32.0,1021.0,"1,056,298",21.324324324324323,204.75675675675674
89,South Carolina,SC,February,49.625,162.0,"4,896,146",78.97297297297297,938.8648648648648
90,South Dakota,SD,February,22.025,11.0,"858,469",16.89189189189189,151.48648648648648
91,Tennessee,TN,February,42.43333333333333,160.0,"6,600,299",122.5135135135135,1330.054054054054
92,Texas,TX,February,51.171428571428564,105.0,"27,469,114",336.40540540540536,3755.756756756757
93,Utah,UT,February,33.65000000000001,36.0,"2,995,919",29.783783783783782,336.4864864864865
94,Vermont,VT,February,21.5,67.0,"626,042",12.270270270270268,113.75675675675676
95,Virginia,VA,February,40.325,212.0,"8,382,993",104.05405405405405,1317.8918918918919
96,Washington,WA,February,39.857142857142854,107.0,"7,170,351",92.89189189189187,1068.6756756756756
97,West Virginia,WV,February,35.375,76.0,"1,844,128",45.02702702702703,455.24324324324317
98,Wisconsin,WI,February,22.950000000000006,106.0,"5,771,337",78.89189189189189,1016.1891891891893
99,Wyoming,WY,February,26.975,6.0,"586,107",8.783783783783784,91.43243243243244
100,Alabama,AL,March,56.5,95.0,"4,858,979",68.69230769230771,998.2820512820513
101,Alaska,AK,March,19.92,1.0,"738,432",5.0769230769230775,80.2051282051282
102,Arizona,AZ,March,54.44,60.0,"6,828,065",79.8974358974359,1062.076923076923
103,Arkansas,AR,March,53.4,57.0,"2,978,204",51.33333333333334,610.7179487179487
104,California,CA,March,54.49375000000001,251.0,"39,144,818",490.7435897435897,5039.538461538462
105,Colorado,CO,March,39.84,52.0,"5,456,574",52.56410256410256,706.6923076923077
106,Connecticut,CT,March,38.75,741.0,"3,590,886",52.5897435897436,596.2820512820513
107,Delaware,DE,March,43.0,485.0,"945,934",12.128205128205128,165.15384615384616
108,Florida,FL,March,65.93846153846152,378.0,"20,271,272",227.53846153846158,3723.641025641026
109,Georgia,GA,March,56.66666666666666,177.0,"10,214,860",100.05128205128206,1520.3076923076926
110,Hawaii,HI,March,72.275,222.0,"1,431,603",23.794871794871803,215.53846153846158
111,Idaho,ID,March,42.6,20.0,"1,654,930",19.153846153846157,255.66666666666663
112,Illinois,IL,March,39.38,231.0,"12,859,995",169.0769230769231,2092.948717948718
113,Indiana,IN,March,41.075,184.0,"6,619,680",106.56410256410255,1227.7435897435898
114,Iowa,IA,March,36.3,55.0,"3,123,899",53.641025641025635,582.7692307692307
115,Kansas,KS,March,43.76,36.0,"2,911,641",44.948717948717956,520.6153846153846
116,Kentucky,KY,March,47.05,112.0,"4,425,092",84.1794871794872,895.7692307692308
117,Louisiana,LA,March,60.725,108.0,"4,670,724",48.948717948717956,849.025641025641
118,Maine,ME,March,29.0,43.0,"1,329,328",23.66666666666667,279.3589743589744
119,Maryland,MD,March,43.6,618.0,"6,006,401",74.53846153846153,913.3333333333335
120,Massachusetts,MA,March,36.16666666666666,871.0,"6,794,422",107.48717948717949,1124.8717948717951
121,Michigan,MI,March,32.166666666666664,175.0,"9,922,576",144.7948717948718,1872.4615384615383
122,Minnesota,MN,March,28.82,68.0,"5,489,594",65.35897435897436,821.7179487179487
123,Mississippi,MS,March,55.73333333333333,63.0,"2,992,333",48.12820512820514,601.8974358974359
124,Missouri,MO,March,45.8,88.0,"6,083,672",96.23076923076924,1172.051282051282
125,Montana,MT,March,35.683333333333344,7.0,"1,032,949",15.615384615384615,189.23076923076923
126,Nebraska,NE,March,38.275,24.0,"1,896,190",31.256410256410252,323.84615384615387
127,Nevada,NV,March,44.16,26.0,"2,890,845",35.43589743589744,441.8717948717949
128,New Hampshire,NH,March,22.950000000000006,148.0,"1,330,608",19.33333333333333,225.05128205128204
129,New Jersey,NJ,March,42.53333333333333,1218.0,"8,958,013",97.33333333333331,1439.051282051282
130,New Mexico,NM,March,48.3,17.0,"2,085,109",33.358974358974365,355.15384615384613
131,New York,NY,March,37.322222222222216,420.0,"19,795,791",170.33333333333334,1976.205128205128
132,North Carolina,NC,March,50.75,206.0,"10,042,802",154.76923076923075,1713.7179487179485
133,North Dakota,ND,March,28.05,10.0,"756,927",12.769230769230768,122.8205128205128
134,Ohio,OH,March,39.1625,284.0,"11,614,373",181.20512820512818,2309.0
135,Oklahoma,OK,March,51.40000000000001,57.0,"3,911,338",69.12820512820512,771.3846153846154
136,Oregon,OR,March,44.825,41.0,"4,028,977",44.43589743589744,682.8717948717949
137,Pennsylvania,PA,March,39.55,286.0,"12,802,503",193.17948717948718,2628.589743589744
138,Rhode Island,RI,March,38.9,1021.0,"1,056,298",19.256410256410252,195.1025641025641
139,South Carolina,SC,March,56.225,162.0,"4,896,146",69.17948717948718,906.6153846153846
140,South Dakota,SD,March,32.825,11.0,"858,469",16.564102564102562,152.43589743589746
141,Tennessee,TN,March,50.46666666666667,160.0,"6,600,299",110.94871794871794,1274.7948717948718
142,Texas,TX,March,58.2,105.0,"27,469,114",299.76923076923083,3618.0769230769233
143,Utah,UT,March,42.55,36.0,"2,995,919",27.66666666666667,329.6666666666667
144,Vermont,VT,March,31.0,67.0,"626,042",11.82051282051282,113.48717948717949
145,Virginia,VA,March,47.8,212.0,"8,382,993",89.58974358974359,1265.820512820513
146,Washington,WA,March,44.62857142857143,107.0,"7,170,351",87.56410256410255,1052.6666666666667
147,West Virginia,WV,March,43.4,76.0,"1,844,128",43.4102564102564,445.92307692307685
148,Wisconsin,WI,March,33.575,106.0,"5,771,337",78.05128205128206,1004.3846153846154
149,Wyoming,WY,March,35.3,6.0,"586,107",8.076923076923077,92.12820512820512
150,Alabama,AL,April,63.7,95.0,"4,858,979",61.846153846153854,973.3333333333335
151,Alaska,AK,April,30.8,1.0,"738,432",4.94871794871795,77.69230769230771
152,Arizona,AZ,April,61.4,60.0,"6,828,065",67.74358974358975,1029.2307692307693
153,Arkansas,AR,April,62.16666666666666,57.0,"2,978,204",45.33333333333334,586.1794871794872
154,California,CA,April,57.7625,251.0,"39,144,818",418.05128205128204,4820.410256410257
155,Colorado,CO,April,47.6,52.0,"5,456,574",44.97435897435897,677.1282051282051
156,Connecticut,CT,April,49.45,741.0,"3,590,886",48.10256410256411,588.3846153846154
157,Delaware,DE,April,53.3,485.0,"945,934",10.948717948717947,161.5897435897436
158,Florida,FL,April,70.50769230769231,378.0,"20,271,272",204.53846153846158,3601.8205128205127
159,Georgia,GA,April,63.6,177.0,"10,214,860",90.05128205128206,1469.7179487179485
160,Hawaii,HI,April,73.35,222.0,"1,431,603",21.58974358974359,204.33333333333331
161,Idaho,ID,April,49.23333333333333,20.0,"1,654,930",16.28205128205128,245.23076923076923
162,Illinois,IL,April,51.1,231.0,"12,859,995",148.38461538461542,1995.7435897435894
163,Indiana,IN,April,52.05,184.0,"6,619,680",93.48717948717949,1178.3076923076926
164,Iowa,IA,April,49.1,55.0,"3,123,899",45.07692307692307,559.4615384615385
165,Kansas,KS,April,53.48,36.0,"2,911,641",34.53846153846154,484.7179487179488
166,Kentucky,KY,April,56.95,112.0,"4,425,092",74.61538461538461,864.9487179487178
167,Louisiana,LA,April,67.5,108.0,"4,670,724",44.769230769230774,824.0512820512822
168,Maine,ME,April,41.3,43.0,"1,329,328",21.974358974358974,269.61538461538464
169,Maryland,MD,April,53.7,618.0,"6,006,401",66.43589743589743,888.1282051282051
170,Massachusetts,MA,April,46.93333333333334,871.0,"6,794,422",97.25641025641028,1086.820512820513
171,Michigan,MI,April,44.6,175.0,"9,922,576",133.64102564102564,1831.051282051282
172,Minnesota,MN,April,43.52,68.0,"5,489,594",60.20512820512821,804.9487179487178
173,Mississippi,MS,April,63.23333333333334,63.0,"2,992,333",41.282051282051285,589.2564102564102
174,Missouri,MO,April,56.175,88.0,"6,083,672",77.33333333333333,1116.820512820513
175,Montana,MT,April,44.73333333333333,7.0,"1,032,949",12.82051282051282,184.79487179487182
176,Nebraska,NE,April,49.2125,24.0,"1,896,190",23.71794871794872,307.8205128205128
177,Nevada,NV,April,50.32000000000001,26.0,"2,890,845",32.17948717948718,430.56410256410254
178,New Hampshire,NH,April,34.5,148.0,"1,330,608",16.58974358974359,221.94871794871798
179,New Jersey,NJ,April,52.03333333333334,1218.0,"8,958,013",90.20512820512822,1392.9230769230771
180,New Mexico,NM,April,56.4,17.0,"2,085,109",26.33333333333333,341.07692307692315
181,New York,NY,April,48.67777777777778,420.0,"19,795,791",159.87179487179486,1911.9230769230771
182,North Carolina,NC,April,59.03333333333333,206.0,"10,042,802",131.82051282051282,1622.7435897435898
183,North Dakota,ND,April,43.35,10.0,"756,927",10.974358974358973,121.74358974358972
184,Ohio,OH,April,50.55,284.0,"11,614,373",160.53846153846158,2220.641025641026
185,Oklahoma,OK,April,60.4,57.0,"3,911,338",61.10256410256411,724.0769230769231
186,Oregon,OR,April,49.0,41.0,"4,028,977",40.17948717948718,665.8717948717949
187,Pennsylvania,PA,April,50.6,286.0,"12,802,503",167.7948717948718,2519.692307692308
188,Rhode Island,RI,April,49.1,1021.0,"1,056,298",18.820512820512818,194.89743589743588
189,South Carolina,SC,April,63.525,162.0,"4,896,146",61.43589743589744,861.4102564102565
190,South Dakota,SD,April,45.575,11.0,"858,469",15.051282051282053,146.33333333333334
191,Tennessee,TN,April,59.11666666666667,160.0,"6,600,299",101.25641025641028,1227.2820512820513
192,Texas,TX,April,65.91904761904762,105.0,"27,469,114",256.3589743589744,3463.102564102564
193,Utah,UT,April,49.6,36.0,"2,995,919",21.974358974358974,317.4871794871795
194,Vermont,VT,April,44.8,67.0,"626,042",9.538461538461537,109.46153846153848
195,Virginia,VA,April,57.125,212.0,"8,382,993",79.94871794871794,1225.051282051282
196,Washington,WA,April,49.28571428571429,107.0,"7,170,351",80.02564102564101,1019.0769230769232
197,West Virginia,WV,April,53.52500000000001,76.0,"1,844,128",38.487179487179496,430.8461538461538
198,Wisconsin,WI,April,46.175,106.0,"5,771,337",70.07692307692308,976.1538461538463
199,Wyoming,WY,April,43.0,6.0,"586,107",7.2564102564102555,88.28205128205127
200,Alabama,AL,May,71.775,95.0,"4,858,979",56.225,935.9
201,Alaska,AK,May,42.96,1.0,"738,432",4.6,76.175
202,Arizona,AZ,May,70.25999999999999,60.0,"6,828,065",59.575,981.675
203,Arkansas,AR,May,70.63333333333334,57.0,"2,978,204",42.05,572.425
204,California,CA,May,62.54375,251.0,"39,144,818",375.225,4644.05
205,Colorado,CO,May,57.24,52.0,"5,456,574",37.4,662.875
206,Connecticut,CT,May,59.35,741.0,"3,590,886",37.7,549.875
207,Delaware,DE,May,62.8,485.0,"945,934",9.875,153.65
208,Florida,FL,May,76.63076923076923,378.0,"20,271,272",187.2,3507.1
209,Georgia,GA,May,71.86666666666666,177.0,"10,214,860",78.0,1419.5
210,Hawaii,HI,May,74.95,222.0,"1,431,603",19.725,201.075
211,Idaho,ID,May,57.29999999999999,20.0,"1,654,930",13.975,240.6
212,Illinois,IL,May,61.42,231.0,"12,859,995",129.675,1925.325
213,Indiana,IN,May,62.05,184.0,"6,619,680",77.75,1126.0
214,Iowa,IA,May,60.175,55.0,"3,123,899",38.3,532.625
215,Kansas,KS,May,63.38000000000001,36.0,"2,911,641",30.375,471.175
216,Kentucky,KY,May,65.575,112.0,"4,425,092",64.725,834.225
217,Louisiana,LA,May,75.35,108.0,"4,670,724",40.675,803.6
218,Maine,ME,May,52.7,43.0,"1,329,328",17.9,254.15
219,Maryland,MD,May,62.9,618.0,"6,006,401",58.6,849.45
220,Massachusetts,MA,May,57.1,871.0,"6,794,422",82.85,1020.725
221,Michigan,MI,May,55.422222222222224,175.0,"9,922,576",110.925,1722.975
222,Minnesota,MN,May,55.38,68.0,"5,489,594",50.5,761.4
223,Mississippi,MS,May,71.46666666666665,63.0,"2,992,333",37.75,563.65
224,Missouri,MO,May,65.525,88.0,"6,083,672",67.8,1066.675
225,Montana,MT,May,53.61666666666667,7.0,"1,032,949",10.575,177.85
226,Nebraska,NE,May,59.9125,24.0,"1,896,190",20.6,294.475
227,Nevada,NV,May,58.94,26.0,"2,890,845",27.275,414.725
228,New Hampshire,NH,May,45.65,148.0,"1,330,608",13.65,210.875
229,New Jersey,NJ,May,61.46666666666667,1218.0,"8,958,013",76.1,1317.975
230,New Mexico,NM,May,65.73333333333333,17.0,"2,085,109",23.275,326.75
231,New York,NY,May,58.85555555555556,420.0,"19,795,791",138.75,1796.3
232,North Carolina,NC,May,66.83333333333333,206.0,"10,042,802",113.1,1576.25
233,North Dakota,ND,May,55.37499999999999,10.0,"756,927",9.025,114.775
234,Ohio,OH,May,60.2625,284.0,"11,614,373",137.525,2095.475
235,Oklahoma,OK,May,69.2,57.0,"3,911,338",54.475,708.9
236,Oregon,OR,May,55.225,41.0,"4,028,977",37.075,642.65
237,Pennsylvania,PA,May,60.475,286.0,"12,802,503",144.1,2383.9
238,Rhode Island,RI,May,58.5,1021.0,"1,056,298",15.0,182.025
239,South Carolina,SC,May,71.45,162.0,"4,896,146",58.975,842.3
240,South Dakota,SD,May,56.875,11.0,"858,469",12.15,135.875
241,Tennessee,TN,May,67.51666666666667,160.0,"6,600,299",90.525,1196.675
242,Texas,TX,May,73.91904761904762,105.0,"27,469,114",235.0,3391.925
243,Utah,UT,May,58.6,36.0,"2,995,919",21.4,314.625
244,Vermont,VT,May,56.3,67.0,"626,042",8.975,105.025
245,Virginia,VA,May,65.175,212.0,"8,382,993",70.15,1174.0
246,Washington,WA,May,55.77142857142857,107.0,"7,170,351",69.275,975.725
247,West Virginia,WV,May,61.4,76.0,"1,844,128",31.5,408.4
248,Wisconsin,WI,May,56.925,106.0,"5,771,337",57.7,931.625
249,Wyoming,WY,May,52.45,6.0,"586,107",6.275,86.925
250,Alabama,AL,June,78.55,95.0,"4,858,979",51.05263157894736,924.4473684210526
251,Alaska,AK,June,51.735,1.0,"738,432",3.9736842105263164,77.10526315789474
252,Arizona,AZ,June,78.88,60.0,"6,828,065",53.526315789473685,980.6052631578948
253,Arkansas,AR,June,78.53333333333332,57.0,"2,978,204",40.60526315789474,558.6052631578947
254,California,CA,June,67.11875,251.0,"39,144,818",348.84210526315786,4584.868421052632
255,Colorado,CO,June,66.82000000000001,52.0,"5,456,574",36.973684210526315,638.5
256,Connecticut,CT,June,68.75,741.0,"3,590,886",37.23684210526316,544.8421052631579
257,Delaware,DE,June,72.2,485.0,"945,934",9.210526315789474,150.60526315789474
258,Florida,FL,June,81.0692307692308,378.0,"20,271,272",186.13157894736838,3481.921052631579
259,Georgia,GA,June,78.78333333333333,177.0,"10,214,860",75.78947368421052,1404.7368421052633
260,Hawaii,HI,June,76.975,222.0,"1,431,603",19.5,203.5263157894737
261,Idaho,ID,June,65.2,20.0,"1,654,930",12.947368421052632,236.13157894736838
262,Illinois,IL,June,70.9,231.0,"12,859,995",122.68421052631581,1886.4736842105265
263,Indiana,IN,June,71.57499999999997,184.0,"6,619,680",72.94736842105263,1107.7368421052631
264,Iowa,IA,June,69.575,55.0,"3,123,899",35.21052631578947,518.8947368421053
265,Kansas,KS,June,73.24,36.0,"2,911,641",31.76315789473684,471.5
266,Kentucky,KY,June,73.85,112.0,"4,425,092",64.28947368421052,826.8947368421052
267,Louisiana,LA,June,80.9,108.0,"4,670,724",39.28947368421053,788.4473684210526
268,Maine,ME,June,62.05,43.0,"1,329,328",15.578947368421053,245.68421052631575
269,Maryland,MD,June,72.4,618.0,"6,006,401",57.28947368421053,848.236842105263
270,Massachusetts,MA,June,66.26666666666667,871.0,"6,794,422",77.52631578947368,1002.2894736842104
271,Michigan,MI,June,64.77777777777777,175.0,"9,922,576",104.73684210526315,1692.8157894736844
272,Minnesota,MN,June,64.58,68.0,"5,489,594",44.60526315789475,737.3421052631578
273,Mississippi,MS,June,78.33333333333333,63.0,"2,992,333",33.89473684210526,558.8947368421053
274,Missouri,MO,June,74.5,88.0,"6,083,672",64.21052631578948,1064.3157894736842
275,Montana,MT,June,61.61666666666665,7.0,"1,032,949",10.18421052631579,173.26315789473685
276,Nebraska,NE,June,69.6875,24.0,"1,896,190",20.13157894736842,292.2368421052632
277,Nevada,NV,June,67.84,26.0,"2,890,845",28.13157894736842,419.10526315789474
278,New Hampshire,NH,June,54.95,148.0,"1,330,608",13.421052631578947,210.44736842105263
279,New Jersey,NJ,June,71.10000000000002,1218.0,"8,958,013",74.94736842105263,1306.7105263157896
280,New Mexico,NM,June,74.5,17.0,"2,085,109",19.36842105263158,314.07894736842104
281,New York,NY,June,68.13333333333334,420.0,"19,795,791",125.39473684210527,1775.3684210526314
282,North Carolina,NC,June,74.6,206.0,"10,042,802",111.07894736842104,1562.552631578947
283,North Dakota,ND,June,64.525,10.0,"756,927",7.921052631578947,110.73684210526315
284,Ohio,OH,June,69.325,284.0,"11,614,373",126.13157894736842,2062.0
285,Oklahoma,OK,June,77.45,57.0,"3,911,338",49.631578947368425,693.2105263157895
286,Oregon,OR,June,61.1375,41.0,"4,028,977",33.5,632.8421052631579
287,Pennsylvania,PA,June,69.6125,286.0,"12,802,503",136.8421052631579,2340.394736842105
288,Rhode Island,RI,June,68.0,1021.0,"1,056,298",12.605263157894735,176.86842105263162
289,South Carolina,SC,June,78.525,162.0,"4,896,146",53.05263157894736,841.421052631579
290,South Dakota,SD,June,66.425,11.0,"858,469",10.157894736842103,135.28947368421052
291,Tennessee,TN,June,75.43333333333334,160.0,"6,600,299",86.2105263157895,1186.6052631578948
292,Texas,TX,June,80.18571428571428,105.0,"27,469,114",225.60526315789474,3367.263157894737
293,Utah,UT,June,68.30000000000001,36.0,"2,995,919",19.263157894736842,311.84210526315786
294,Vermont,VT,June,65.8,67.0,"626,042",7.263157894736842,100.5
295,Virginia,VA,June,73.775,212.0,"8,382,993",67.73684210526315,1156.9736842105262
296,Washington,WA,June,61.4,107.0,"7,170,351",63.68421052631579,958.0263157894735
297,West Virginia,WV,June,69.42500000000001,76.0,"1,844,128",32.44736842105263,407.8684210526316
298,Wisconsin,WI,June,66.775,106.0,"5,771,337",51.157894736842096,897.0
299,Wyoming,WY,June,62.025,6.0,"586,107",6.13157894736842,86.44736842105263
300,Alabama,AL,July,81.39999999999998,95.0,"4,858,979",50.25,915.25
301,Alaska,AK,July,55.465,1.0,"738,432",3.4,77.525
302,Arizona,AZ,July,83.67999999999998,60.0,"6,828,065",47.125,959.1
303,Arkansas,AR,July,82.5,57.0,"2,978,204",37.65,559.8
304,California,CA,July,71.15,251.0,"39,144,818",328.225,4510.75
305,Colorado,CO,July,72.74,52.0,"5,456,574",31.725,623.1
306,Connecticut,CT,July,74.19999999999997,741.0,"3,590,886",35.825,526.175
307,Delaware,DE,July,76.8,485.0,"945,934",9.325,148.875
308,Florida,FL,July,82.61538461538461,378.0,"20,271,272",179.375,3454.225
309,Georgia,GA,July,81.63333333333333,177.0,"10,214,860",69.225,1390.925
310,Hawaii,HI,July,78.05,222.0,"1,431,603",18.175,196.3
311,Idaho,ID,July,73.36666666666666,20.0,"1,654,930",11.575,232.7
312,Illinois,IL,July,74.9,231.0,"12,859,995",118.825,1891.825
313,Indiana,IN,July,74.95,184.0,"6,619,680",70.4,1105.025
314,Iowa,IA,July,73.5,55.0,"3,123,899",31.95,507.475
315,Kansas,KS,July,78.72,36.0,"2,911,641",28.825,468.35
316,Kentucky,KY,July,77.07500000000002,112.0,"4,425,092",60.75,813.675
317,Louisiana,LA,July,83.05,108.0,"4,670,724",35.125,789.15
318,Maine,ME,July,67.35,43.0,"1,329,328",14.95,244.775
319,Maryland,MD,July,77.0,618.0,"6,006,401",54.9,844.775
320,Massachusetts,MA,July,71.83333333333333,871.0,"6,794,422",72.225,992.425
321,Michigan,MI,July,69.54444444444444,175.0,"9,922,576",96.975,1682.75
322,Minnesota,MN,July,69.30000000000001,68.0,"5,489,594",44.3,743.975
323,Mississippi,MS,July,81.3,63.0,"2,992,333",33.925,556.825
324,Missouri,MO,July,79.125,88.0,"6,083,672",60.95,1053.725
325,Montana,MT,July,69.09999999999998,7.0,"1,032,949",7.975,176.375
326,Nebraska,NE,July,75.22500000000002,24.0,"1,896,190",17.9,285.9
327,Nevada,NV,July,75.34,26.0,"2,890,845",24.75,412.1
328,New Hampshire,NH,July,59.55,148.0,"1,330,608",11.375,204.725
329,New Jersey,NJ,July,76.4,1218.0,"8,958,013",72.5,1286.15
330,New Mexico,NM,July,77.76666666666667,17.0,"2,085,109",17.15,310.8
331,New York,NY,July,73.03333333333333,420.0,"19,795,791",126.075,1761.125
332,North Carolina,NC,July,78.10000000000002,206.0,"10,042,802",104.5,1544.975
333,North Dakota,ND,July,70.19999999999999,10.0,"756,927",7.9,108.225
334,Ohio,OH,July,73.25,284.0,"11,614,373",124.2,2066.35
335,Oklahoma,OK,July,82.4,57.0,"3,911,338",49.725,702.475
336,Oregon,OR,July,67.62499999999999,41.0,"4,028,977",29.3,623.1
337,Pennsylvania,PA,July,73.9625,286.0,"12,802,503",123.8,2304.275
338,Rhode Island,RI,July,73.5,1021.0,"1,056,298",13.125,175.0
339,South Carolina,SC,July,81.6,162.0,"4,896,146",50.325,824.275
340,South Dakota,SD,July,72.65,11.0,"858,469",9.2,136.075
341,Tennessee,TN,July,78.83333333333333,160.0,"6,600,299",83.5,1186.875
342,Texas,TX,July,82.95238095238093,105.0,"27,469,114",209.925,3333.6
343,Utah,UT,July,76.55000000000003,36.0,"2,995,919",17.15,308.6
344,Vermont,VT,July,70.6,67.0,"626,042",6.85,100.175
345,Virginia,VA,July,77.725,212.0,"8,382,993",65.55,1158.425
346,Washington,WA,July,67.14285714285714,107.0,"7,170,351",58.425,960.95
347,West Virginia,WV,July,72.925,76.0,"1,844,128",28.45,398.75
348,Wisconsin,WI,July,71.47500000000002,106.0,"5,771,337",50.325,896.3
349,Wyoming,WY,July,70.075,6.0,"586,107",5.025,86.1
350,Alabama,AL,August,81.1,95.0,"4,858,979",51.4,915.1
351,Alaska,AK,August,53.25500000000002,1.0,"738,432",4.2,76.95
352,Arizona,AZ,August,82.08,60.0,"6,828,065",48.375,947.1
353,Arkansas,AR,August,82.2,57.0,"2,978,204",36.425,550.75
354,California,CA,August,71.075,251.0,"39,144,818",319.925,4489.75
355,Colorado,CO,August,70.55999999999997,52.0,"5,456,574",30.375,629.075
356,Connecticut,CT,August,72.94999999999997,741.0,"3,590,886",34.02777777777778,520.3611111111112
357,Delaware,DE,August,75.2,485.0,"945,934",8.975,152.5
358,Florida,FL,August,82.53846153846153,378.0,"20,271,272",172.6,3412.725
359,Georgia,GA,August,80.68333333333334,177.0,"10,214,860",69.85,1398.225
360,Hawaii,HI,August,78.575,222.0,"1,431,603",19.0,196.75
361,Idaho,ID,August,72.53333333333333,20.0,"1,654,930",10.525,233.725
362,Illinois,IL,August,73.16,231.0,"12,859,995",120.65,1893.325
363,Indiana,IN,August,73.39999999999998,184.0,"6,619,680",68.775,1102.55
364,Iowa,IA,August,71.325,55.0,"3,123,899",31.925,519.3
365,Kansas,KS,August,77.11999999999998,36.0,"2,911,641",28.325,464.0
366,Kentucky,KY,August,76.2,112.0,"4,425,092",59.55,815.75
367,Louisiana,LA,August,83.1,108.0,"4,670,724",36.7,784.45
368,Maine,ME,August,65.8,43.0,"1,329,328",14.725,243.475
369,Maryland,MD,August,75.1,618.0,"6,006,401",53.15,837.8
370,Massachusetts,MA,August,70.46666666666665,871.0,"6,794,422",71.525,983.85
371,Michigan,MI,August,68.12222222222222,175.0,"9,922,576",96.2,1669.7
372,Minnesota,MN,August,67.14,68.0,"5,489,594",44.275,746.825
373,Mississippi,MS,August,80.93333333333334,63.0,"2,992,333",33.125,562.9
374,Missouri,MO,August,78.0,88.0,"6,083,672",61.575,1052.975
375,Montana,MT,August,67.95,7.0,"1,032,949",8.775,169.125
376,Nebraska,NE,August,73.125,24.0,"1,896,190",19.175,290.9
377,Nevada,NV,August,73.34,26.0,"2,890,845",24.6,403.075
378,New Hampshire,NH,August,58.3,148.0,"1,330,608",12.725,203.625
379,New Jersey,NJ,August,75.06666666666666,1218.0,"8,958,013",70.075,1281.0
380,New Mexico,NM,August,76.06666666666666,17.0,"2,085,109",17.85,306.725
381,New York,NY,August,71.71111111111111,420.0,"19,795,791",120.5,1739.625
382,North Carolina,NC,August,76.91666666666666,206.0,"10,042,802",101.15,1542.475
383,North Dakota,ND,August,68.7,10.0,"756,927",7.7,110.425
384,Ohio,OH,August,71.77499999999998,284.0,"11,614,373",119.775,2039.65
385,Oklahoma,OK,August,82.05000000000003,57.0,"3,911,338",47.15,697.2
386,Oregon,OR,August,67.4625,41.0,"4,028,977",27.2,617.025
387,Pennsylvania,PA,August,72.38749999999997,286.0,"12,802,503",126.125,2296.725
388,Rhode Island,RI,August,72.3,1021.0,"1,056,298",13.475,170.925
389,South Carolina,SC,August,80.4,162.0,"4,896,146",46.525,817.775
390,South Dakota,SD,August,70.675,11.0,"858,469",9.8,135.175
391,Tennessee,TN,August,78.16666666666667,160.0,"6,600,299",79.925,1170.6
392,Texas,TX,August,82.87142857142857,105.0,"27,469,114",203.075,3311.075
393,Utah,UT,August,74.95,36.0,"2,995,919",16.1,303.925
394,Vermont,VT,August,68.8,67.0,"626,042",6.175,98.75
395,Virginia,VA,August,76.225,212.0,"8,382,993",63.15,1155.075
396,Washington,WA,August,67.02857142857142,107.0,"7,170,351",56.225,942.8
397,West Virginia,WV,August,71.975,76.0,"1,844,128",30.125,400.525
398,Wisconsin,WI,August,69.64999999999999,106.0,"5,771,337",50.325,901.4
399,Wyoming,WY,August,68.65,6.0,"586,107",4.425,82.725
400,Alabama,AL,September,75.8,95.0,"4,858,979",51.71794871794872,923.4358974358977
401,Alaska,AK,September,45.705,1.0,"738,432",4.333333333333333,77.74358974358974
402,Arizona,AZ,September,76.42,60.0,"6,828,065",52.846153846153854,948.2564102564104
403,Arkansas,AR,September,74.46666666666667,57.0,"2,978,204",38.05128205128205,556.5384615384615
404,California,CA,September,68.45,251.0,"39,144,818",330.46153846153845,4520.717948717948
405,Colorado,CO,September,62.02,52.0,"5,456,574",34.743589743589745,633.0512820512821
406,Connecticut,CT,September,65.30000000000001,741.0,"3,590,886",36.31428571428572,532.0285714285715
407,Delaware,DE,September,67.8,485.0,"945,934",8.666666666666666,149.3589743589744
408,Florida,FL,September,80.43846153846154,378.0,"20,271,272",177.3589743589744,3444.564102564103
409,Georgia,GA,September,75.14999999999998,177.0,"10,214,860",75.7948717948718,1408.1538461538462
410,Hawaii,HI,September,78.225,222.0,"1,431,603",20.46153846153846,201.53846153846158
411,Idaho,ID,September,62.83333333333334,20.0,"1,654,930",12.307692307692307,239.84615384615384
412,Illinois,IL,September,65.36,231.0,"12,859,995",125.10256410256409,1939.102564102564
413,Indiana,IN,September,66.1,184.0,"6,619,680",74.12820512820512,1115.8974358974358
414,Iowa,IA,September,63.0,55.0,"3,123,899",36.256410256410255,528.1794871794872
415,Kansas,KS,September,68.1,36.0,"2,911,641",31.256410256410252,471.41025641025635
416,Kentucky,KY,September,68.925,112.0,"4,425,092",64.17948717948718,821.4871794871794
417,Louisiana,LA,September,78.3,108.0,"4,670,724",38.74358974358975,785.6410256410257
418,Maine,ME,September,57.55,43.0,"1,329,328",15.153846153846152,250.35897435897442
419,Maryland,MD,September,67.8,618.0,"6,006,401",55.4102564102564,843.0769230769231
420,Massachusetts,MA,September,63.06666666666666,871.0,"6,794,422",72.48717948717949,991.4102564102564
421,Michigan,MI,September,60.43333333333333,175.0,"9,922,576",99.05128205128206,1704.5897435897436
422,Minnesota,MN,September,58.14,68.0,"5,489,594",48.07692307692307,777.974358974359
423,Mississippi,MS,September,75.06666666666666,63.0,"2,992,333",36.17948717948718,564.5128205128206
424,Missouri,MO,September,69.30000000000001,88.0,"6,083,672",66.23076923076923,1059.4358974358977
425,Montana,MT,September,57.33333333333332,7.0,"1,032,949",9.820512820512821,171.53846153846158
426,Nebraska,NE,September,63.85,24.0,"1,896,190",20.384615384615387,292.7179487179488
427,Nevada,NV,September,64.44,26.0,"2,890,845",24.051282051282055,405.05128205128204
428,New Hampshire,NH,September,50.8,148.0,"1,330,608",12.487179487179489,212.61538461538458
429,New Jersey,NJ,September,68.16666666666667,1218.0,"8,958,013",72.1794871794872,1293.5641025641025
430,New Mexico,NM,September,69.03333333333333,17.0,"2,085,109",20.641025641025642,314.5897435897436
431,New York,NY,September,64.25555555555555,420.0,"19,795,791",123.1794871794872,1763.9230769230771
432,North Carolina,NC,September,71.03333333333335,206.0,"10,042,802",104.6153846153846,1565.820512820513
433,North Dakota,ND,September,57.8,10.0,"756,927",9.051282051282053,113.1794871794872
434,Ohio,OH,September,64.55,284.0,"11,614,373",128.53846153846158,2068.051282051282
435,Oklahoma,OK,September,73.4,57.0,"3,911,338",48.07692307692307,696.2307692307692
436,Oregon,OR,September,61.675,41.0,"4,028,977",27.56410256410257,621.7435897435898
437,Pennsylvania,PA,September,64.775,286.0,"12,802,503",132.33333333333334,2340.076923076923
438,Rhode Island,RI,September,64.7,1021.0,"1,056,298",12.282051282051285,175.61538461538458
439,South Carolina,SC,September,74.9,162.0,"4,896,146",51.66666666666666,832.1282051282051
440,South Dakota,SD,September,60.675,11.0,"858,469",11.410256410256409,138.82051282051282
441,Tennessee,TN,September,71.33333333333333,160.0,"6,600,299",83.76923076923076,1190.4102564102566
442,Texas,TX,September,76.64285714285714,105.0,"27,469,114",213.35897435897442,3307.230769230769
443,Utah,UT,September,64.65,36.0,"2,995,919",18.025641025641026,304.3076923076923
444,Vermont,VT,September,60.5,67.0,"626,042",6.871794871794871,102.92307692307692
445,Virginia,VA,September,69.5,212.0,"8,382,993",64.7948717948718,1159.051282051282
446,Washington,WA,September,60.7,107.0,"7,170,351",58.17948717948718,953.5128205128206
447,West Virginia,WV,September,65.07499999999999,76.0,"1,844,128",30.30769230769231,410.05128205128204
448,Wisconsin,WI,September,61.525,106.0,"5,771,337",54.53846153846154,920.1538461538463
449,Wyoming,WY,September,58.25,6.0,"586,107",5.846153846153847,84.7948717948718
450,Alabama,AL,October,65.5,95.0,"4,858,979",54.46666666666667,934.7333333333332
451,Alaska,AK,October,32.265,1.0,"738,432",5.022222222222221,78.33333333333333
452,Arizona,AZ,October,64.9,60.0,"6,828,065",53.35555555555555,950.8
453,Arkansas,AR,October,63.43333333333334,57.0,"2,978,204",40.57777777777777,568.2
454,California,CA,October,62.50625,251.0,"39,144,818",353.4888888888889,4590.955555555554
455,Colorado,CO,October,49.64,52.0,"5,456,574",38.888888888888886,664.6888888888889
456,Connecticut,CT,October,53.65,741.0,"3,590,886",37.875,563.8
457,Delaware,DE,October,56.2,485.0,"945,934",9.444444444444443,158.04444444444445
458,Florida,FL,October,74.6,378.0,"20,271,272",185.64444444444442,3476.3111111111107
459,Georgia,GA,October,65.26666666666667,177.0,"10,214,860",76.04444444444445,1412.2444444444445
460,Hawaii,HI,October,77.15,222.0,"1,431,603",18.0,190.13333333333333
461,Idaho,ID,October,50.53333333333333,20.0,"1,654,930",14.133333333333333,239.48888888888888
462,Illinois,IL,October,53.3,231.0,"12,859,995",136.2,1981.6444444444446
463,Indiana,IN,October,54.275,184.0,"6,619,680",78.8,1143.111111111111
464,Iowa,IA,October,50.625,55.0,"3,123,899",39.6,553.4444444444445
465,Kansas,KS,October,55.74,36.0,"2,911,641",33.86666666666667,484.4666666666666
466,Kentucky,KY,October,58.02500000000001,112.0,"4,425,092",65.84444444444446,839.3333333333335
467,Louisiana,LA,October,69.175,108.0,"4,670,724",38.177777777777784,790.0666666666667
468,Maine,ME,October,46.05,43.0,"1,329,328",16.88888888888889,261.1111111111111
469,Maryland,MD,October,56.1,618.0,"6,006,401",62.31111111111111,876.4
470,Massachusetts,MA,October,51.86666666666667,871.0,"6,794,422",82.6,1044.5111111111114
471,Michigan,MI,October,48.76666666666667,175.0,"9,922,576",110.86666666666666,1760.2888888888888
472,Minnesota,MN,October,45.46,68.0,"5,489,594",53.86666666666667,810.1555555555556
473,Mississippi,MS,October,64.43333333333334,63.0,"2,992,333",35.31111111111111,562.9777777777778
474,Missouri,MO,October,57.7,88.0,"6,083,672",70.35555555555554,1087.911111111111
475,Montana,MT,October,45.15000000000001,7.0,"1,032,949",10.6,179.8
476,Nebraska,NE,October,50.9375,24.0,"1,896,190",23.4,298.8
477,Nevada,NV,October,52.54,26.0,"2,890,845",24.2,400.53333333333336
478,New Hampshire,NH,October,39.2,148.0,"1,330,608",14.155555555555555,221.04444444444442
479,New Jersey,NJ,October,57.13333333333333,1218.0,"8,958,013",75.66666666666667,1336.6444444444444
480,New Mexico,NM,October,57.8,17.0,"2,085,109",20.555555555555557,321.2
481,New York,NY,October,52.94444444444446,420.0,"19,795,791",138.4,1833.9777777777774
482,North Carolina,NC,October,61.06666666666666,206.0,"10,042,802",115.14634146341464,1591.1707317073171
483,North Dakota,ND,October,44.1,10.0,"756,927",10.955555555555556,117.62222222222222
484,Ohio,OH,October,53.1125,284.0,"11,614,373",140.02222222222218,2116.0
485,Oklahoma,OK,October,61.8,57.0,"3,911,338",53.53333333333333,710.4666666666667
486,Oregon,OR,October,52.075,41.0,"4,028,977",33.46666666666667,638.8222222222222
487,Pennsylvania,PA,October,53.3875,286.0,"12,802,503",145.73333333333332,2421.288888888889
488,Rhode Island,RI,October,53.6,1021.0,"1,056,298",13.533333333333333,180.95555555555558
489,South Carolina,SC,October,65.3,162.0,"4,896,146",54.755555555555546,854.2888888888889
490,South Dakota,SD,October,47.175,11.0,"858,469",13.488888888888885,148.68888888888893
491,Tennessee,TN,October,60.26666666666666,160.0,"6,600,299",89.86666666666666,1208.088888888889
492,Texas,TX,October,67.49523809523811,105.0,"27,469,114",227.35555555555558,3383.3111111111107
493,Utah,UT,October,51.9,36.0,"2,995,919",19.977777777777774,310.06666666666666
494,Vermont,VT,October,48.1,67.0,"626,042",7.111111111111112,105.82222222222221
495,Virginia,VA,October,58.925,212.0,"8,382,993",71.31111111111113,1196.6666666666667
496,Washington,WA,October,50.957142857142856,107.0,"7,170,351",69.2,992.3777777777775
497,West Virginia,WV,October,54.375,76.0,"1,844,128",32.822222222222216,405.8222222222222
498,Wisconsin,WI,October,49.375,106.0,"5,771,337",58.33333333333334,967.8666666666667
499,Wyoming,WY,October,45.65,6.0,"586,107",6.177777777777778,87.64444444444445
500,Alabama,AL,November,55.9,95.0,"4,858,979",58.26829268292683,958.829268292683
501,Alaska,AK,November,19.610000000000007,1.0,"738,432",4.926829268292684,78.73170731707317
502,Arizona,AZ,November,53.31999999999999,60.0,"6,828,065",57.73170731707317,977.390243902439
503,Arkansas,AR,November,52.33333333333334,57.0,"2,978,204",43.75609756097561,583.5365853658536
504,California,CA,November,54.58749999999999,251.0,"39,144,818",397.8780487804878,4766.487804878048
505,Colorado,CO,November,36.84,52.0,"5,456,574",38.90243902439025,661.780487804878
506,Connecticut,CT,November,44.45,741.0,"3,590,886",41.8974358974359,576.9487179487179
507,Delaware,DE,November,46.6,485.0,"945,934",8.78048780487805,158.68292682926833
508,Florida,FL,November,67.55384615384615,378.0,"20,271,272",193.2682926829268,3504.9268292682927
509,Georgia,GA,November,56.23333333333333,177.0,"10,214,860",86.70731707317074,1456.7073170731708
510,Hawaii,HI,November,75.125,222.0,"1,431,603",19.87804878048781,195.0975609756097
511,Idaho,ID,November,38.466666666666654,20.0,"1,654,930",15.414634146341465,241.6341463414634
512,Illinois,IL,November,40.78,231.0,"12,859,995",141.5609756097561,2003.780487804878
513,Indiana,IN,November,43.125,184.0,"6,619,680",79.60975609756099,1150.7560975609756
514,Iowa,IA,November,36.575,55.0,"3,123,899",41.90243902439025,563.9268292682926
515,Kansas,KS,November,42.52,36.0,"2,911,641",34.26829268292683,491.0731707317073
516,Kentucky,KY,November,47.575,112.0,"4,425,092",69.1951219512195,841.9512195121953
517,Louisiana,LA,November,60.125,108.0,"4,670,724",43.3170731707317,812.2926829268292
518,Maine,ME,November,35.45,43.0,"1,329,328",16.829268292682926,263.6829268292683
519,Maryland,MD,November,46.5,618.0,"6,006,401",61.463414634146346,886.2682926829268
520,Massachusetts,MA,November,42.23333333333333,871.0,"6,794,422",85.6829268292683,1057.3902439024394
521,Michigan,MI,November,37.76666666666667,175.0,"9,922,576",113.85365853658536,1761.658536585366
522,Minnesota,MN,November,30.44,68.0,"5,489,594",54.19512195121951,805.0
523,Mississippi,MS,November,54.63333333333333,63.0,"2,992,333",40.73170731707317,578.0975609756098
524,Missouri,MO,November,45.675,88.0,"6,083,672",72.24390243902441,1092.0243902439024
525,Montana,MT,November,32.666666666666664,7.0,"1,032,949",10.390243902439023,175.2439024390244
526,Nebraska,NE,November,36.9875,24.0,"1,896,190",22.34146341463415,308.3414634146341
527,Nevada,NV,November,40.86,26.0,"2,890,845",27.853658536585368,415.0
528,New Hampshire,NH,November,29.5,148.0,"1,330,608",14.926829268292684,217.0975609756097
529,New Jersey,NJ,November,47.66666666666666,1218.0,"8,958,013",81.21951219512195,1370.9512195121954
530,New Mexico,NM,November,45.93333333333334,17.0,"2,085,109",23.121951219512194,319.63414634146335
531,New York,NY,November,43.155555555555566,420.0,"19,795,791",144.53658536585363,1868.3658536585365
532,North Carolina,NC,November,52.15,206.0,"10,042,802",125.3846153846154,1639.4871794871797
533,North Dakota,ND,November,27.8,10.0,"756,927",9.219512195121949,118.17073170731709
534,Ohio,OH,November,42.7,284.0,"11,614,373",146.97560975609755,2109.9756097560976
535,Oklahoma,OK,November,50.2,57.0,"3,911,338",56.19512195121951,723.829268292683
536,Oregon,OR,November,42.9875,41.0,"4,028,977",37.195121951219505,648.7073170731708
537,Pennsylvania,PA,November,43.4625,286.0,"12,802,503",148.21951219512198,2436.926829268293
538,Rhode Island,RI,November,44.5,1021.0,"1,056,298",14.1,181.55
539,South Carolina,SC,November,56.575,162.0,"4,896,146",58.80487804878049,868.3414634146343
540,South Dakota,SD,November,32.25,11.0,"858,469",12.0,143.65853658536585
541,Tennessee,TN,November,49.86666666666667,160.0,"6,600,299",96.75609756097559,1225.0487804878046
542,Texas,TX,November,56.94285714285714,105.0,"27,469,114",244.19512195121948,3426.2195121951213
543,Utah,UT,November,38.9,36.0,"2,995,919",21.756097560975608,310.1219512195122
544,Vermont,VT,November,38.2,67.0,"626,042",8.55,105.75
545,Virginia,VA,November,49.55,212.0,"8,382,993",75.58536585365853,1191.121951219512
546,Washington,WA,November,42.02857142857143,107.0,"7,170,351",72.92682926829268,1002.6829268292682
547,West Virginia,WV,November,44.90000000000001,76.0,"1,844,128",34.0,427.2051282051282
548,Wisconsin,WI,November,36.425,106.0,"5,771,337",59.609756097560975,963.5365853658536
549,Wyoming,WY,November,33.5,6.0,"586,107",6.390243902439026,89.6829268292683
550,Alabama,AL,December,47.775,95.0,"4,858,979",73.26470588235293,1042.5
551,Alaska,AK,December,14.860000000000005,1.0,"738,432",5.470588235294118,82.58823529411767
552,Arizona,AZ,December,45.24,60.0,"6,828,065",69.08823529411765,1025.6764705882354
553,Arkansas,AR,December,42.46666666666667,57.0,"2,978,204",54.558823529411775,625.6470588235294
554,California,CA,December,48.90000000000001,251.0,"39,144,818",462.9411764705882,5103.911764705882
555,Colorado,CO,December,27.26,52.0,"5,456,574",47.79411764705882,696.6470588235294
556,Connecticut,CT,December,33.95,741.0,"3,590,886",44.38235294117647,599.4411764705882
557,Delaware,DE,December,36.7,485.0,"945,934",10.529411764705884,168.82352941176467
558,Florida,FL,December,61.65384615384616,378.0,"20,271,272",217.88235294117646,3670.2941176470586
559,Georgia,GA,December,48.06666666666666,177.0,"10,214,860",105.61764705882355,1570.5
560,Hawaii,HI,December,72.77499999999998,222.0,"1,431,603",23.264705882352942,203.5
561,Idaho,ID,December,29.633333333333336,20.0,"1,654,930",16.61764705882353,247.55882352941174
562,Illinois,IL,December,27.74,231.0,"12,859,995",166.41176470588238,2147.5
563,Indiana,IN,December,31.3,184.0,"6,619,680",99.55882352941177,1234.5588235294115
564,Iowa,IA,December,23.05,55.0,"3,123,899",48.11764705882353,596.9705882352941
565,Kansas,KS,December,31.72,36.0,"2,911,641",40.147058823529406,519.2941176470588
566,Kentucky,KY,December,37.2,112.0,"4,425,092",84.97058823529412,914.0882352941176
567,Louisiana,LA,December,52.675,108.0,"4,670,724",55.70588235294117,875.7941176470587
568,Maine,ME,December,23.5,43.0,"1,329,328",19.764705882352946,269.5
569,Maryland,MD,December,36.7,618.0,"6,006,401",69.82352941176471,929.2352941176473
570,Massachusetts,MA,December,31.8,871.0,"6,794,422",92.82352941176471,1095.8235294117646
571,Michigan,MI,December,26.666666666666664,175.0,"9,922,576",124.91176470588236,1845.9411764705883
572,Minnesota,MN,December,15.960000000000004,68.0,"5,489,594",62.029411764705884,840.4411764705882
573,Mississippi,MS,December,46.66666666666666,63.0,"2,992,333",48.470588235294116,626.0
574,Missouri,MO,December,33.95,88.0,"6,083,672",88.02941176470587,1177.4117647058827
575,Montana,MT,December,22.66666666666667,7.0,"1,032,949",12.970588235294118,185.64705882352942
576,Nebraska,NE,December,25.5,24.0,"1,896,190",25.911764705882355,320.35294117647067
577,Nevada,NV,December,32.540000000000006,26.0,"2,890,845",33.20588235294117,430.7352941176471
578,New Hampshire,NH,December,18.45,148.0,"1,330,608",16.323529411764707,220.61764705882354
579,New Jersey,NJ,December,37.86666666666667,1218.0,"8,958,013",89.08823529411767,1445.3823529411764
580,New Mexico,NM,December,37.16666666666666,17.0,"2,085,109",26.558823529411764,342.61764705882354
581,New York,NY,December,32.7,420.0,"19,795,791",159.58823529411762,1983.3235294117649
582,North Carolina,NC,December,43.68333333333334,206.0,"10,042,802",145.82352941176467,1733.0588235294117
583,North Dakota,ND,December,13.925,10.0,"756,927",10.676470588235292,121.85294117647058
584,Ohio,OH,December,31.475,284.0,"11,614,373",171.7647058823529,2267.8529411764707
585,Oklahoma,OK,December,39.6,57.0,"3,911,338",66.14705882352939,772.4117647058823
586,Oregon,OR,December,37.075,41.0,"4,028,977",44.20588235294117,686.8235294117648
587,Pennsylvania,PA,December,33.025,286.0,"12,802,503",171.2352941176471,2617.382352941177
588,Rhode Island,RI,December,34.3,1021.0,"1,056,298",17.470588235294116,198.35294117647058
589,South Carolina,SC,December,48.52500000000001,162.0,"4,896,146",69.61764705882354,920.4411764705884
590,South Dakota,SD,December,19.75,11.0,"858,469",13.529411764705882,149.67647058823533
591,Tennessee,TN,December,40.81666666666667,160.0,"6,600,299",116.17647058823529,1307.7058823529412
592,Texas,TX,December,48.31428571428571,105.0,"27,469,114",302.5588235294117,3715.6764705882347
593,Utah,UT,December,29.05,36.0,"2,995,919",24.911764705882355,326.64705882352933
594,Vermont,VT,December,25.8,67.0,"626,042",9.5,111.02941176470587
595,Virginia,VA,December,40.425,212.0,"8,382,993",88.26470588235294,1287.2647058823532
596,Washington,WA,December,35.72857142857143,107.0,"7,170,351",81.0,1032.6764705882354
597,West Virginia,WV,December,35.275,76.0,"1,844,128",39.70588235294117,443.5294117647058
598,Wisconsin,WI,December,23.15,106.0,"5,771,337",69.94117647058823,1015.6176470588236
599,Wyoming,WY,December,24.375,6.0,"586,107",7.0588235294117645,90.61764705882355
